tipo,imagem,x1,y1,x2,y2,conf
FP,157_jpg.rf.dfff1d8f6363275c6ff778b7134a85a4.jpg,525,422,569,431,0.345
FP,55_jpg.rf.4871fb18f5ed8303974d40b26ec48a60.jpg,293,608,342,647,0.317
FP,G0010768_jpg.rf.72819363595b4200473ec88dee7dd6f1.jpg,677,495,770,521,0.301
FP,G0010770_jpg.rf.863ed7ebd7c63f56f0096530ec445182.jpg,761,549,886,571,0.386
FP,G0010770_jpg.rf.863ed7ebd7c63f56f0096530ec445182.jpg,760,551,813,568,0.256
FP,G0011595_jpg.rf.a2cbb9df89c99ee9e339dc7dd461e4fa.jpg,337,582,446,602,0.377
FP,G0025388_jpg.rf.7d51fca9306df739701d293bf7e4ab1c.jpg,729,573,776,591,0.313
FP,G0028271_jpg.rf.a15447c9a70376fd28e1e9c1db22bb87.jpg,605,533,664,552,0.392
FP,G0028271_jpg.rf.a15447c9a70376fd28e1e9c1db22bb87.jpg,233,512,276,521,0.371
FP,G0028271_jpg.rf.a15447c9a70376fd28e1e9c1db22bb87.jpg,410,478,460,507,0.343
FP,G0028271_jpg.rf.a15447c9a70376fd28e1e9c1db22bb87.jpg,409,484,440,505,0.319
FP,G0028271_jpg.rf.a15447c9a70376fd28e1e9c1db22bb87.jpg,313,495,339,504,0.284
FP,G0029086_jpg.rf.fa8fcfd10869801ff9c253b8765686c8.jpg,821,534,854,546,0.419
FP,G0032513_jpg.rf.f47c630a4e3a6af9eab991ce30595084.jpg,517,586,567,600,0.336
FP,G0032515_jpg.rf.ff88fafcd99c946ca02ca8c4fe60886a.jpg,379,576,453,606,0.312
FP,G0052416_jpg.rf.244b1fabf208e6d0c2ade66dd107751b.jpg,626,464,664,472,0.404
FP,G0066127_jpg.rf.a72674ce405e8fc237122675dd6688de.jpg,824,443,849,451,0.343
FP,G0066127_jpg.rf.a72674ce405e8fc237122675dd6688de.jpg,763,441,788,449,0.319
FP,G0066127_jpg.rf.a72674ce405e8fc237122675dd6688de.jpg,764,437,790,448,0.277
FP,G0066127_jpg.rf.a72674ce405e8fc237122675dd6688de.jpg,595,453,642,468,0.271
FP,G0066563_jpg.rf.6f0a4d8425d8eac97ce07dbb0e6a3808.jpg,779,483,868,501,0.443
FP,G0066563_jpg.rf.6f0a4d8425d8eac97ce07dbb0e6a3808.jpg,842,482,867,492,0.267
FP,G0066586_jpg.rf.4374c635329a31a6c7dd5aa767267111.jpg,458,498,534,519,0.455
FP,G0066622_jpg.rf.f86020ab91cfdada7e03085625e4d8a4.jpg,750,460,814,475,0.398
FP,G0066622_jpg.rf.f86020ab91cfdada7e03085625e4d8a4.jpg,643,449,669,459,0.345
FP,G0066703_jpg.rf.527327930b3379a832dbb3890d4e3136.jpg,709,468,752,482,0.273
FP,G0090339_jpg.rf.38a9d71871782efc08f7b83b5775dc14.jpg,751,450,864,475,0.431
FP,G0090339_jpg.rf.38a9d71871782efc08f7b83b5775dc14.jpg,847,489,873,499,0.3
FP,G0094462_jpg.rf.1b27b5dd93fea0da397a9ca82d10b029.jpg,707,536,729,545,0.438
FP,Image_27_jpg.rf.692528b0a9390fc3a7c9a4fa4a0b2b56.jpg,1090,636,1221,697,0.74
FP,Image_5_jpg.rf.cf767a4d86809131cd058b5c1223741f.jpg,727,578,804,598,0.293
FP,Image_5_jpg.rf.cf767a4d86809131cd058b5c1223741f.jpg,729,575,805,588,0.252
FP,img-105_jpg.rf.e7752085648276ed60f95df017e35b4b.jpg,334,297,442,368,0.689
FP,img-105_jpg.rf.e7752085648276ed60f95df017e35b4b.jpg,299,363,349,410,0.371
FP,img-105_jpg.rf.e7752085648276ed60f95df017e35b4b.jpg,0,0,143,49,0.256
FP,img-107_jpg.rf.d9a66cd4a7aa0730a4e94c3e9831ab62.jpg,604,10,674,31,0.569
FP,img-161_jpg.rf.d4be4442de90b4e05debc98337790ebd.jpg,288,292,467,378,0.29
FP,img-195_jpg.rf.2303522bcd9c12fa2e2cb29e9e2c3e5e.jpg,449,494,587,592,0.764
FP,img-196_jpg.rf.a9fe9a8fe50fab3d4c9f7e2f3c8de4e6.jpg,356,202,530,292,0.424
FP,img-23_jpg.rf.a1bc6558b5a7512393125303075b9585.jpg,355,141,438,180,0.265
FP,img-264_jpg.rf.fef7ce5e27046b7f90decccdb2edf084.jpg,338,371,720,720,0.32
FP,img-269_jpg.rf.21d73afda4776932e3e835c40f28dd8e.jpg,630,85,674,101,0.363
FP,img-276_jpg.rf.23e46a35e634cf0a107a98e13ea2d9f3.jpg,485,480,544,538,0.356
FP,img-276_jpg.rf.23e46a35e634cf0a107a98e13ea2d9f3.jpg,640,193,681,207,0.315
FP,img-282_jpg.rf.c21784c1c12cf38cbbd64087043f4d8a.jpg,231,232,404,387,0.725
FP,img-300_jpg.rf.f9eab7bbbe7e231578e39565d273ce52.jpg,151,146,253,182,0.538
FP,img-300_jpg.rf.f9eab7bbbe7e231578e39565d273ce52.jpg,123,67,144,71,0.298
FP,img-308_jpg.rf.17e12b2e0910ee72298ce37362621c6d.jpg,261,185,318,216,0.404
FP,img-334_jpg.rf.db369de950f19db870a1355adb21fd7d.jpg,250,179,415,246,0.582
FP,img-334_jpg.rf.db369de950f19db870a1355adb21fd7d.jpg,421,25,466,37,0.547
FP,img-334_jpg.rf.db369de950f19db870a1355adb21fd7d.jpg,372,154,393,167,0.332
FP,img-336_jpg.rf.818837e73b3d90738e17056c43ffddd5.jpg,151,103,210,142,0.61
FP,img-336_jpg.rf.818837e73b3d90738e17056c43ffddd5.jpg,1,158,279,299,0.59
FP,img-336_jpg.rf.818837e73b3d90738e17056c43ffddd5.jpg,80,211,151,256,0.493
FP,img-336_jpg.rf.818837e73b3d90738e17056c43ffddd5.jpg,76,179,278,309,0.488
FP,img-336_jpg.rf.818837e73b3d90738e17056c43ffddd5.jpg,69,184,275,350,0.392
FP,img-336_jpg.rf.818837e73b3d90738e17056c43ffddd5.jpg,96,137,127,143,0.288
FP,img-336_jpg.rf.818837e73b3d90738e17056c43ffddd5.jpg,88,129,144,146,0.27
FP,img-336_jpg.rf.818837e73b3d90738e17056c43ffddd5.jpg,12,169,50,183,0.255
FP,img-337_jpg.rf.ae66bf164bde9b815b3d7e8e85200538.jpg,0,201,58,296,0.349
FP,img-337_jpg.rf.ae66bf164bde9b815b3d7e8e85200538.jpg,362,133,482,199,0.324
FP,img-343_jpg.rf.fc63ec5643cc134dafffc27c81f4ad02.jpg,514,126,540,145,0.327
FP,img-350_jpg.rf.790a737f1a7cb299928edce8a8523c61.jpg,174,102,208,106,0.291
FP,img-350_jpg.rf.790a737f1a7cb299928edce8a8523c61.jpg,81,122,140,129,0.264
FP,img-36_jpg.rf.d525e75d78b1d37d3623e604a6329dbc.jpg,461,361,578,484,0.364
FP,img-36_jpg.rf.d525e75d78b1d37d3623e604a6329dbc.jpg,133,40,218,126,0.352
FP,img-390_jpg.rf.58e978f02159606d73fa34bba8cefaea.jpg,65,85,241,235,0.357
FP,img-397_jpg.rf.115fb7fd16925d33d191edbdde0c974d.jpg,327,213,481,274,0.719
FP,img-397_jpg.rf.115fb7fd16925d33d191edbdde0c974d.jpg,10,65,32,70,0.506
FP,img-397_jpg.rf.115fb7fd16925d33d191edbdde0c974d.jpg,107,122,320,198,0.376
FP,img-397_jpg.rf.115fb7fd16925d33d191edbdde0c974d.jpg,1,67,55,85,0.357
FP,img-397_jpg.rf.115fb7fd16925d33d191edbdde0c974d.jpg,8,65,34,75,0.326
FP,img-397_jpg.rf.115fb7fd16925d33d191edbdde0c974d.jpg,6,64,36,80,0.268
FP,img-398_jpg.rf.fc907c07973bf41c0cd536eb1d23207b.jpg,118,56,218,98,0.516
FP,img-398_jpg.rf.fc907c07973bf41c0cd536eb1d23207b.jpg,543,87,605,120,0.395
FP,img-415_jpg.rf.27fc2c20c0318a4ddb1eb011013f0b2e.jpg,106,79,159,90,0.458
FP,img-415_jpg.rf.27fc2c20c0318a4ddb1eb011013f0b2e.jpg,278,72,312,80,0.318
FP,img-415_jpg.rf.27fc2c20c0318a4ddb1eb011013f0b2e.jpg,286,73,312,79,0.27
FP,img-42_jpg.rf.b1fe341475b25c7d82717868768b246d.jpg,248,271,404,375,0.841
FP,img-42_jpg.rf.b1fe341475b25c7d82717868768b246d.jpg,51,283,160,369,0.576
FP,img-44_jpg.rf.6d1d8c5abe298d269bb2366100dac2bc.jpg,659,93,720,128,0.284
FP,img-461_jpg.rf.18e65876f95b9394f01acbf2e9714e9c.jpg,293,250,414,275,0.554
FP,img-486_jpg.rf.8aebacf0c57d14dca19e291080e9f5bd.jpg,43,156,102,175,0.684
FP,img-486_jpg.rf.8aebacf0c57d14dca19e291080e9f5bd.jpg,374,75,400,93,0.454
FP,img-486_jpg.rf.8aebacf0c57d14dca19e291080e9f5bd.jpg,379,76,400,92,0.439
FP,img-486_jpg.rf.8aebacf0c57d14dca19e291080e9f5bd.jpg,211,81,230,87,0.35
FP,img-486_jpg.rf.8aebacf0c57d14dca19e291080e9f5bd.jpg,140,114,163,122,0.319
FP,img-486_jpg.rf.8aebacf0c57d14dca19e291080e9f5bd.jpg,208,209,340,261,0.273
FP,img-486_jpg.rf.8aebacf0c57d14dca19e291080e9f5bd.jpg,186,199,345,267,0.253
FP,img-525_jpg.rf.0b40b645512816af83b58d55c87877d8.jpg,228,185,269,195,0.546
FP,img-525_jpg.rf.0b40b645512816af83b58d55c87877d8.jpg,46,264,76,279,0.513
FP,img-525_jpg.rf.0b40b645512816af83b58d55c87877d8.jpg,133,130,166,145,0.317
FP,img-525_jpg.rf.0b40b645512816af83b58d55c87877d8.jpg,150,28,179,36,0.313
FP,img-525_jpg.rf.0b40b645512816af83b58d55c87877d8.jpg,61,145,77,152,0.287
FP,img-525_jpg.rf.0b40b645512816af83b58d55c87877d8.jpg,151,29,172,36,0.283
FP,img-588_jpg.rf.f59943f2b39c4e73102fc02aca1671a7.jpg,127,53,172,63,0.529
FP,img-588_jpg.rf.f59943f2b39c4e73102fc02aca1671a7.jpg,244,116,485,280,0.471
FP,img-588_jpg.rf.f59943f2b39c4e73102fc02aca1671a7.jpg,53,147,142,191,0.421
FP,img-621_jpg.rf.41356c9b1e39f7a99a8672cf72301768.jpg,245,103,296,129,0.643
FP,img-631_jpg.rf.8840502032d8bb388d31bda605070df0.jpg,135,153,452,239,0.745
FP,img-634_jpg.rf.452e6df45b3db668e312ef012dc054ef.jpg,261,104,274,111,0.4
FP,img-634_jpg.rf.452e6df45b3db668e312ef012dc054ef.jpg,304,103,316,116,0.322
FP,img-634_jpg.rf.452e6df45b3db668e312ef012dc054ef.jpg,253,105,276,117,0.32
FP,img-634_jpg.rf.452e6df45b3db668e312ef012dc054ef.jpg,202,122,217,128,0.287
FP,img-82_jpg.rf.67eaa6de32268f7184c6a0434244e09f.jpg,314,497,397,579,0.764
FP,img-82_jpg.rf.67eaa6de32268f7184c6a0434244e09f.jpg,171,389,218,420,0.567
FP,img-98_jpg.rf.247a4d96df6c8c1b33a4d29847a033f0.jpg,311,246,475,348,0.295
FP,pothole-107-_jpg.rf.4c6ce19cc35fb96fee26faf75705786f.jpg,617,482,640,504,0.31
FP,pothole-107-_jpg.rf.4c6ce19cc35fb96fee26faf75705786f.jpg,613,491,643,509,0.29
FP,pothole-107-_jpg.rf.4c6ce19cc35fb96fee26faf75705786f.jpg,616,497,643,514,0.278
FP,pothole-107-_jpg.rf.4c6ce19cc35fb96fee26faf75705786f.jpg,544,484,566,498,0.263
FP,pothole-11-_jpg.rf.c7fc049077d5b44a1430c7aaba4fd17b.jpg,578,603,645,666,0.611
FP,pothole-11-_jpg.rf.c7fc049077d5b44a1430c7aaba4fd17b.jpg,606,538,653,549,0.488
FP,pothole-11-_jpg.rf.c7fc049077d5b44a1430c7aaba4fd17b.jpg,609,491,646,505,0.341
FP,pothole-129-_jpg.rf.98d2b5d9fddeb42783288eb00af37501.jpg,561,470,581,483,0.28
FP,pothole-166-_jpg.rf.311e778642ebda6e505bc856d8633a3a.jpg,594,538,673,594,0.83
FP,pothole-166-_jpg.rf.311e778642ebda6e505bc856d8633a3a.jpg,598,604,697,657,0.775
FP,pothole-205-_jpg.rf.ce5f0f4599f6ec4f85ad80324360f9c0.jpg,352,645,433,687,0.581
FP,pothole-205-_jpg.rf.ce5f0f4599f6ec4f85ad80324360f9c0.jpg,224,617,266,631,0.508
FP,pothole-215-_jpg.rf.e0d3e857f2d981047204cfdc33344943.jpg,152,548,321,608,0.371
FP,pothole-215-_jpg.rf.e0d3e857f2d981047204cfdc33344943.jpg,150,537,365,610,0.313
FP,pothole-215-_jpg.rf.e0d3e857f2d981047204cfdc33344943.jpg,169,537,359,585,0.26
FP,pothole-23-_jpg.rf.4a46c56c265299cb2e55e6c782e1256f.jpg,681,495,708,503,0.436
FP,pothole-50-_jpg.rf.a8d19e4676d2808fe8fa4f241412ec36.jpg,302,745,341,787,0.4
FP,pothole-52-_jpg.rf.35656b152da9863d24f197e047e973ae.jpg,284,698,324,717,0.485
FP,pothole-61-_jpg.rf.07781e454bcfb40b2b5994653dd06d24.jpg,264,608,321,648,0.538
FP,pothole-61-_jpg.rf.07781e454bcfb40b2b5994653dd06d24.jpg,248,606,324,650,0.439
FP,pothole-61-_jpg.rf.07781e454bcfb40b2b5994653dd06d24.jpg,236,662,270,677,0.395
FP,pothole-61-_jpg.rf.07781e454bcfb40b2b5994653dd06d24.jpg,260,575,402,649,0.357
FP,pothole-61-_jpg.rf.07781e454bcfb40b2b5994653dd06d24.jpg,248,590,370,649,0.285
FP,pothole-67-_jpg.rf.62608b2fe49fbd4481a760c143c22279.jpg,770,557,806,575,0.592
FP,pothole-67-_jpg.rf.62608b2fe49fbd4481a760c143c22279.jpg,745,546,807,576,0.393
FP,pothole-67-_jpg.rf.62608b2fe49fbd4481a760c143c22279.jpg,734,532,756,545,0.276
FP,vlcsnap-2020-04-08-13h54m02s006_jpg.rf.1d3d8a990637f5c1894caed1eddbccce.jpg,597,616,658,637,0.273
FP,vlcsnap-2020-04-08-17h09m21s902_jpg.rf.7b1a50924062f435bd7c05b4204621d3.jpg,824,646,912,667,0.253
FP,vlcsnap-2020-04-08-23h23m59s090_jpg.rf.3a1cc7ed69f7dd07d77443fbb18439e2.jpg,172,574,271,599,0.346
FP,vlcsnap-2020-04-08-23h23m59s090_jpg.rf.3a1cc7ed69f7dd07d77443fbb18439e2.jpg,172,575,244,588,0.303
FP,vlcsnap-2020-04-08-23h38m43s197_jpg.rf.a8f116d0d16655e30627526e17b75742.jpg,100,809,318,837,0.27
FP,vlcsnap-2020-04-12-00h34m34s118_jpg.rf.c935a314fe2f1cd34088337049d23760.jpg,829,620,1071,650,0.378
FP,vlcsnap-2020-04-12-00h34m34s118_jpg.rf.c935a314fe2f1cd34088337049d23760.jpg,31,622,109,643,0.371
FP,vlcsnap-2020-04-12-01h08m47s479_jpg.rf.eae9ae5e1d7dc55cd18a8334c04bbee5.jpg,648,496,698,504,0.349
FP,vlcsnap-2020-04-12-01h20m54s364_jpg.rf.84ef14d8822d3f5054d87226961129e3.jpg,897,563,958,575,0.499
FP,vlcsnap-2020-04-12-01h20m54s364_jpg.rf.84ef14d8822d3f5054d87226961129e3.jpg,315,596,387,604,0.374
FP,vlcsnap-2020-04-12-01h20m54s364_jpg.rf.84ef14d8822d3f5054d87226961129e3.jpg,444,602,569,614,0.306
FP,vlcsnap-2020-04-12-01h20m54s364_jpg.rf.84ef14d8822d3f5054d87226961129e3.jpg,440,599,569,622,0.302
FP,vlcsnap-2020-04-12-01h37m20s596_jpg.rf.d98e09b871eb7dc4db5f1a44fedf058f.jpg,456,779,617,823,0.673
FP,vlcsnap-2020-04-12-01h37m20s596_jpg.rf.d98e09b871eb7dc4db5f1a44fedf058f.jpg,502,544,522,553,0.319
FP,vlcsnap-2020-04-12-02h28m10s130_jpg.rf.b416e4997cee180d7e2e7b78a96d2726.jpg,271,738,326,760,0.294
FP,vlcsnap-2020-04-12-15h55m59s157_jpg.rf.155f683c4db9db3d26164d619e9a3188.jpg,419,654,491,678,0.312
FP,vlcsnap-2020-04-12-15h57m39s359_jpg.rf.d799d2bcf534e4b8e0c4d536cb72a97e.jpg,747,164,932,279,0.256
FP,vlcsnap-2020-04-12-17h09m16s722_jpg.rf.78fd82f146250993f3e72e902d9d8101.jpg,519,475,582,489,0.368
FP,vlcsnap-2020-04-12-17h09m16s722_jpg.rf.78fd82f146250993f3e72e902d9d8101.jpg,541,433,575,439,0.258
FP,vlcsnap-2020-04-12-17h09m34s078_jpg.rf.d95b7d1bb80b6d6e7c763fbb6ffca0c7.jpg,742,595,869,628,0.47
FP,vlcsnap-2020-04-12-17h09m34s078_jpg.rf.d95b7d1bb80b6d6e7c763fbb6ffca0c7.jpg,580,450,626,457,0.379
FN,106_jpg.rf.fbfe67a0d6ad75accd17f32b524e1d61.jpg,632,427,660,436,
FN,121_jpg.rf.c32e4a0f622fe81f14a35a2d015314c1.jpg,816,719,926,747,
FN,165_jpg.rf.e319fb4abe3e8c7259d879372825125a.jpg,654,237,670,240,
FN,55_jpg.rf.4871fb18f5ed8303974d40b26ec48a60.jpg,402,527,464,557,
FN,55_jpg.rf.4871fb18f5ed8303974d40b26ec48a60.jpg,307,650,514,763,
FN,55_jpg.rf.4871fb18f5ed8303974d40b26ec48a60.jpg,44,581,216,666,
FN,G0010770_jpg.rf.863ed7ebd7c63f56f0096530ec445182.jpg,551,531,622,553,
FN,G0025080_jpg.rf.c6749d7655acb0387fef17eef44e35d0.jpg,597,523,612,526,
FN,G0025080_jpg.rf.c6749d7655acb0387fef17eef44e35d0.jpg,654,541,668,545,
FN,G0025080_jpg.rf.c6749d7655acb0387fef17eef44e35d0.jpg,673,548,691,554,
FN,G0025080_jpg.rf.c6749d7655acb0387fef17eef44e35d0.jpg,649,549,662,553,
FN,G0025080_jpg.rf.c6749d7655acb0387fef17eef44e35d0.jpg,668,521,675,524,
FN,G0025080_jpg.rf.c6749d7655acb0387fef17eef44e35d0.jpg,701,519,729,523,
FN,G0025080_jpg.rf.c6749d7655acb0387fef17eef44e35d0.jpg,795,514,814,517,
FN,G0025388_jpg.rf.7d51fca9306df739701d293bf7e4ab1c.jpg,475,652,500,661,
FN,G0025388_jpg.rf.7d51fca9306df739701d293bf7e4ab1c.jpg,785,510,791,512,
FN,G0025388_jpg.rf.7d51fca9306df739701d293bf7e4ab1c.jpg,475,653,500,662,
FN,G0025388_jpg.rf.7d51fca9306df739701d293bf7e4ab1c.jpg,546,609,589,621,
FN,G0025388_jpg.rf.7d51fca9306df739701d293bf7e4ab1c.jpg,786,510,792,512,
FN,G0027824_jpg.rf.02b97be353c3e3bfc7d9a615c5a4f735.jpg,861,518,897,533,
FN,G0028303_jpg.rf.a522c9a7b5ed9c016df4660fc1450090.jpg,860,547,915,560,
FN,G0028753_jpg.rf.9e3bd5a1174d3062e1bd6c53b2ea27af.jpg,649,465,671,469,
FN,G0028753_jpg.rf.9e3bd5a1174d3062e1bd6c53b2ea27af.jpg,892,494,935,504,
FN,G0028753_jpg.rf.9e3bd5a1174d3062e1bd6c53b2ea27af.jpg,882,493,940,507,
FN,G0028892_jpg.rf.924ff67848579e73b96570b998364c0c.jpg,443,538,519,563,
FN,G0029929_jpg.rf.08adfbaf6ef4db9555b1261f246edea5.jpg,633,464,679,471,
FN,G0032515_jpg.rf.ff88fafcd99c946ca02ca8c4fe60886a.jpg,814,492,830,496,
FN,G0032515_jpg.rf.ff88fafcd99c946ca02ca8c4fe60886a.jpg,859,498,884,503,
FN,G0032515_jpg.rf.ff88fafcd99c946ca02ca8c4fe60886a.jpg,658,508,710,516,
FN,G0032515_jpg.rf.ff88fafcd99c946ca02ca8c4fe60886a.jpg,694,495,745,504,
FN,G0032515_jpg.rf.ff88fafcd99c946ca02ca8c4fe60886a.jpg,814,491,831,498,
FN,G0066127_jpg.rf.a72674ce405e8fc237122675dd6688de.jpg,764,442,791,445,
FN,G0066127_jpg.rf.a72674ce405e8fc237122675dd6688de.jpg,996,467,1049,479,
FN,G0066586_jpg.rf.4374c635329a31a6c7dd5aa767267111.jpg,458,500,495,520,
FN,G0066594_jpg.rf.9ee1af815520771e0ed3e7d8a90013f5.jpg,722,539,778,552,
FN,G0066594_jpg.rf.9ee1af815520771e0ed3e7d8a90013f5.jpg,611,499,693,528,
FN,G0066622_jpg.rf.f86020ab91cfdada7e03085625e4d8a4.jpg,380,553,413,565,
FN,G0066622_jpg.rf.f86020ab91cfdada7e03085625e4d8a4.jpg,500,460,535,482,
FN,G0066622_jpg.rf.f86020ab91cfdada7e03085625e4d8a4.jpg,642,485,702,519,
FN,G0066622_jpg.rf.f86020ab91cfdada7e03085625e4d8a4.jpg,641,449,671,472,
FN,G0066622_jpg.rf.f86020ab91cfdada7e03085625e4d8a4.jpg,763,512,825,537,
FN,G0066703_jpg.rf.527327930b3379a832dbb3890d4e3136.jpg,794,492,816,497,
FN,G0066703_jpg.rf.527327930b3379a832dbb3890d4e3136.jpg,561,454,593,460,
FN,G0066703_jpg.rf.527327930b3379a832dbb3890d4e3136.jpg,815,526,865,545,
FN,G0089879_jpg.rf.87a88cf9bce65745c57b5704dafb51c1.jpg,774,466,813,474,
FN,G0090339_jpg.rf.38a9d71871782efc08f7b83b5775dc14.jpg,846,432,888,444,
FN,G0090339_jpg.rf.38a9d71871782efc08f7b83b5775dc14.jpg,822,466,859,473,
FN,G0090339_jpg.rf.38a9d71871782efc08f7b83b5775dc14.jpg,842,431,889,445,
FN,Image_27_jpg.rf.692528b0a9390fc3a7c9a4fa4a0b2b56.jpg,475,547,502,551,
FN,Image_27_jpg.rf.692528b0a9390fc3a7c9a4fa4a0b2b56.jpg,504,539,526,547,
FN,Image_27_jpg.rf.692528b0a9390fc3a7c9a4fa4a0b2b56.jpg,774,677,881,734,
FN,Image_27_jpg.rf.692528b0a9390fc3a7c9a4fa4a0b2b56.jpg,477,547,500,551,
FN,Image_27_jpg.rf.692528b0a9390fc3a7c9a4fa4a0b2b56.jpg,502,540,530,547,
FN,Image_5_jpg.rf.cf767a4d86809131cd058b5c1223741f.jpg,731,580,807,586,
FN,img-105_jpg.rf.e7752085648276ed60f95df017e35b4b.jpg,298,295,443,407,
FN,img-105_jpg.rf.e7752085648276ed60f95df017e35b4b.jpg,298,456,335,489,
FN,img-105_jpg.rf.e7752085648276ed60f95df017e35b4b.jpg,298,454,335,483,
FN,img-107_jpg.rf.d9a66cd4a7aa0730a4e94c3e9831ab62.jpg,239,290,432,458,
FN,img-146_jpg.rf.90a94fbb54772b889affe27de2febd06.jpg,164,260,435,404,
FN,img-168_jpg.rf.ac178ef7fab630587afe56b0dc7dd99b.jpg,241,264,467,355,
FN,img-168_jpg.rf.ac178ef7fab630587afe56b0dc7dd99b.jpg,82,99,145,138,
FN,img-179_jpg.rf.1946f12cb97f63aceb585b8f1fa1f23e.jpg,205,220,295,382,
FN,img-179_jpg.rf.1946f12cb97f63aceb585b8f1fa1f23e.jpg,296,253,451,468,
FN,img-179_jpg.rf.1946f12cb97f63aceb585b8f1fa1f23e.jpg,267,23,377,144,
FN,img-179_jpg.rf.1946f12cb97f63aceb585b8f1fa1f23e.jpg,574,48,675,147,
FN,img-195_jpg.rf.2303522bcd9c12fa2e2cb29e9e2c3e5e.jpg,123,151,280,215,
FN,img-195_jpg.rf.2303522bcd9c12fa2e2cb29e9e2c3e5e.jpg,194,271,434,481,
FN,img-196_jpg.rf.a9fe9a8fe50fab3d4c9f7e2f3c8de4e6.jpg,293,301,480,409,
FN,img-196_jpg.rf.a9fe9a8fe50fab3d4c9f7e2f3c8de4e6.jpg,327,232,454,296,
FN,img-217_jpg.rf.66ac9ae60518c6de5ef39032cbaa7bd6.jpg,287,530,365,605,
FN,img-217_jpg.rf.66ac9ae60518c6de5ef39032cbaa7bd6.jpg,294,531,364,612,
FN,img-23_jpg.rf.a1bc6558b5a7512393125303075b9585.jpg,185,191,602,328,
FN,img-23_jpg.rf.a1bc6558b5a7512393125303075b9585.jpg,169,556,336,703,
FN,img-245_jpg.rf.41dbe90e4c7ba87756f6d85b3b6b8358.jpg,372,230,462,306,
FN,img-245_jpg.rf.41dbe90e4c7ba87756f6d85b3b6b8358.jpg,253,303,400,392,
FN,img-264_jpg.rf.fef7ce5e27046b7f90decccdb2edf084.jpg,216,185,496,362,
FN,img-264_jpg.rf.fef7ce5e27046b7f90decccdb2edf084.jpg,221,188,481,364,
FN,img-269_jpg.rf.21d73afda4776932e3e835c40f28dd8e.jpg,602,501,660,550,
FN,img-269_jpg.rf.21d73afda4776932e3e835c40f28dd8e.jpg,604,498,656,557,
FN,img-276_jpg.rf.23e46a35e634cf0a107a98e13ea2d9f3.jpg,273,312,465,477,
FN,img-282_jpg.rf.c21784c1c12cf38cbbd64087043f4d8a.jpg,168,235,399,485,
FN,img-294_jpg.rf.4c4523045ef68345bfb57f82b18635c0.jpg,196,192,210,198,
FN,img-294_jpg.rf.4c4523045ef68345bfb57f82b18635c0.jpg,175,196,188,200,
FN,img-294_jpg.rf.4c4523045ef68345bfb57f82b18635c0.jpg,353,254,425,292,
FN,img-294_jpg.rf.4c4523045ef68345bfb57f82b18635c0.jpg,264,242,297,257,
FN,img-300_jpg.rf.f9eab7bbbe7e231578e39565d273ce52.jpg,25,144,249,181,
FN,img-300_jpg.rf.f9eab7bbbe7e231578e39565d273ce52.jpg,1,115,143,126,
FN,img-300_jpg.rf.f9eab7bbbe7e231578e39565d273ce52.jpg,0,191,299,286,
FN,img-307_jpg.rf.f79722ec1673196fbe8b411a8322c043.jpg,196,14,392,266,
FN,img-308_jpg.rf.17e12b2e0910ee72298ce37362621c6d.jpg,197,153,277,192,
FN,img-334_jpg.rf.db369de950f19db870a1355adb21fd7d.jpg,191,140,475,297,
FN,img-334_jpg.rf.db369de950f19db870a1355adb21fd7d.jpg,408,27,469,45,
FN,img-336_jpg.rf.818837e73b3d90738e17056c43ffddd5.jpg,174,165,298,306,
FN,img-336_jpg.rf.818837e73b3d90738e17056c43ffddd5.jpg,148,99,206,127,
FN,img-337_jpg.rf.ae66bf164bde9b815b3d7e8e85200538.jpg,166,95,342,174,
FN,img-343_jpg.rf.fc63ec5643cc134dafffc27c81f4ad02.jpg,0,142,539,298,
FN,img-343_jpg.rf.fc63ec5643cc134dafffc27c81f4ad02.jpg,1,143,538,299,
FN,img-344_jpg.rf.0c397a295be7a002e1e8cee1a66f2475.jpg,169,208,304,258,
FN,img-344_jpg.rf.0c397a295be7a002e1e8cee1a66f2475.jpg,125,163,253,200,
FN,img-344_jpg.rf.0c397a295be7a002e1e8cee1a66f2475.jpg,144,127,230,164,
FN,img-344_jpg.rf.0c397a295be7a002e1e8cee1a66f2475.jpg,249,69,328,81,
FN,img-344_jpg.rf.0c397a295be7a002e1e8cee1a66f2475.jpg,305,2,370,11,
FN,img-350_jpg.rf.790a737f1a7cb299928edce8a8523c61.jpg,172,101,248,108,
FN,img-350_jpg.rf.790a737f1a7cb299928edce8a8523c61.jpg,76,144,313,299,
FN,img-350_jpg.rf.790a737f1a7cb299928edce8a8523c61.jpg,201,112,373,129,
FN,img-350_jpg.rf.790a737f1a7cb299928edce8a8523c61.jpg,175,103,251,112,
FN,img-350_jpg.rf.790a737f1a7cb299928edce8a8523c61.jpg,202,116,375,145,
FN,img-350_jpg.rf.790a737f1a7cb299928edce8a8523c61.jpg,210,96,289,103,
FN,img-362_jpg.rf.eb97eab69f2f2157866d279dd5dd51d8.jpg,174,244,276,265,
FN,img-362_jpg.rf.eb97eab69f2f2157866d279dd5dd51d8.jpg,51,219,203,245,
FN,img-362_jpg.rf.eb97eab69f2f2157866d279dd5dd51d8.jpg,170,244,284,268,
FN,img-364_jpg.rf.b202d4946f6a4047dbae998020ff83a0.jpg,144,195,282,299,
FN,img-36_jpg.rf.d525e75d78b1d37d3623e604a6329dbc.jpg,268,338,416,500,
FN,img-370_jpg.rf.2e09faa7a3f83897944f5d5b96bb758a.jpg,168,216,337,285,
FN,img-371_jpg.rf.e2124570db257e9d366bfb908a2510a2.jpg,366,60,443,130,
FN,img-390_jpg.rf.58e978f02159606d73fa34bba8cefaea.jpg,62,31,243,322,
FN,img-394_jpg.rf.690d4285c6a1075320cd70c58f12b2a9.jpg,0,156,138,234,
FN,img-394_jpg.rf.690d4285c6a1075320cd70c58f12b2a9.jpg,162,1,426,122,
FN,img-397_jpg.rf.115fb7fd16925d33d191edbdde0c974d.jpg,338,252,397,272,
FN,img-397_jpg.rf.115fb7fd16925d33d191edbdde0c974d.jpg,185,146,317,190,
FN,img-397_jpg.rf.115fb7fd16925d33d191edbdde0c974d.jpg,346,249,387,272,
FN,img-397_jpg.rf.115fb7fd16925d33d191edbdde0c974d.jpg,174,146,319,194,
FN,img-397_jpg.rf.115fb7fd16925d33d191edbdde0c974d.jpg,106,120,227,152,
FN,img-415_jpg.rf.27fc2c20c0318a4ddb1eb011013f0b2e.jpg,160,140,255,183,
FN,img-42_jpg.rf.b1fe341475b25c7d82717868768b246d.jpg,47,266,385,373,
FN,img-42_jpg.rf.b1fe341475b25c7d82717868768b246d.jpg,374,390,501,477,
FN,img-430_jpg.rf.25cc9ed89c97848f900c47eb5951c65b.jpg,127,50,169,57,
FN,img-434_jpg.rf.6682d09df91af6e1dfa7d62b8e026aa1.jpg,184,160,406,269,
FN,img-43_jpg.rf.54fe3ca9db29d4113d95d62beaa03973.jpg,164,476,319,719,
FN,img-43_jpg.rf.54fe3ca9db29d4113d95d62beaa03973.jpg,276,126,537,255,
FN,img-440_jpg.rf.57aa3b9277cbf04a9c53bb930fcf3288.jpg,101,46,515,293,
FN,img-449_jpg.rf.dbd513db4076d0483cde648004072b72.jpg,93,137,524,299,
FN,img-44_jpg.rf.6d1d8c5abe298d269bb2366100dac2bc.jpg,289,259,431,338,
FN,img-452_jpg.rf.059d2c0c9bf7733f995b45e6b48bce4f.jpg,65,104,436,298,
FN,img-461_jpg.rf.18e65876f95b9394f01acbf2e9714e9c.jpg,196,230,277,284,
FN,img-463_jpg.rf.8eedf44c48b2ba8079f903e66d3ae89e.jpg,95,181,365,283,
FN,img-472_jpg.rf.367cd46cc97312ce33fb810389e7ee9d.jpg,53,145,376,269,
FN,img-477_jpg.rf.d3420238f5e70dd273c1de7c5948ee71.jpg,136,132,271,200,
FN,img-477_jpg.rf.d3420238f5e70dd273c1de7c5948ee71.jpg,165,34,243,56,
FN,img-477_jpg.rf.d3420238f5e70dd273c1de7c5948ee71.jpg,267,222,380,299,
FN,img-47_jpg.rf.4626fce92ccf63c208f30eadcb92ebd5.jpg,234,250,455,377,
FN,img-486_jpg.rf.8aebacf0c57d14dca19e291080e9f5bd.jpg,163,152,279,178,
FN,img-486_jpg.rf.8aebacf0c57d14dca19e291080e9f5bd.jpg,13,148,102,175,
FN,img-486_jpg.rf.8aebacf0c57d14dca19e291080e9f5bd.jpg,190,196,282,247,
FN,img-486_jpg.rf.8aebacf0c57d14dca19e291080e9f5bd.jpg,110,113,162,122,
FN,img-486_jpg.rf.8aebacf0c57d14dca19e291080e9f5bd.jpg,109,113,161,125,
FN,img-520_jpg.rf.4c8d087113140ad5b1e34f0ac25f6152.jpg,192,183,448,249,
FN,img-525_jpg.rf.0b40b645512816af83b58d55c87877d8.jpg,46,260,90,288,
FN,img-525_jpg.rf.0b40b645512816af83b58d55c87877d8.jpg,95,267,160,298,
FN,img-525_jpg.rf.0b40b645512816af83b58d55c87877d8.jpg,76,167,242,212,
FN,img-525_jpg.rf.0b40b645512816af83b58d55c87877d8.jpg,243,90,331,107,
FN,img-525_jpg.rf.0b40b645512816af83b58d55c87877d8.jpg,45,265,91,292,
FN,img-525_jpg.rf.0b40b645512816af83b58d55c87877d8.jpg,100,270,159,298,
FN,img-525_jpg.rf.0b40b645512816af83b58d55c87877d8.jpg,343,120,374,131,
FN,img-525_jpg.rf.0b40b645512816af83b58d55c87877d8.jpg,341,118,375,125,
FN,img-576_jpg.rf.2bac43a6b4e08ff18a398019338a5c3b.jpg,197,110,271,130,
FN,img-576_jpg.rf.2bac43a6b4e08ff18a398019338a5c3b.jpg,11,143,380,259,
FN,img-588_jpg.rf.f59943f2b39c4e73102fc02aca1671a7.jpg,243,144,425,198,
FN,img-590_jpg.rf.ae938a07582dd529dcc2938e39e7724d.jpg,105,158,474,297,
FN,img-621_jpg.rf.41356c9b1e39f7a99a8672cf72301768.jpg,12,50,105,114,
FN,img-621_jpg.rf.41356c9b1e39f7a99a8672cf72301768.jpg,0,27,47,37,
FN,img-621_jpg.rf.41356c9b1e39f7a99a8672cf72301768.jpg,149,49,211,66,
FN,img-621_jpg.rf.41356c9b1e39f7a99a8672cf72301768.jpg,224,70,283,85,
FN,img-621_jpg.rf.41356c9b1e39f7a99a8672cf72301768.jpg,3,168,34,220,
FN,img-621_jpg.rf.41356c9b1e39f7a99a8672cf72301768.jpg,3,163,41,219,
FN,img-621_jpg.rf.41356c9b1e39f7a99a8672cf72301768.jpg,203,148,245,179,
FN,img-621_jpg.rf.41356c9b1e39f7a99a8672cf72301768.jpg,63,219,285,300,
FN,img-621_jpg.rf.41356c9b1e39f7a99a8672cf72301768.jpg,59,212,295,297,
FN,img-631_jpg.rf.8840502032d8bb388d31bda605070df0.jpg,1,109,451,296,
FN,img-631_jpg.rf.8840502032d8bb388d31bda605070df0.jpg,178,183,450,298,
FN,img-631_jpg.rf.8840502032d8bb388d31bda605070df0.jpg,367,26,451,83,
FN,img-634_jpg.rf.452e6df45b3db668e312ef012dc054ef.jpg,210,153,237,158,
FN,img-634_jpg.rf.452e6df45b3db668e312ef012dc054ef.jpg,204,124,216,127,
FN,img-634_jpg.rf.452e6df45b3db668e312ef012dc054ef.jpg,215,103,227,106,
FN,img-634_jpg.rf.452e6df45b3db668e312ef012dc054ef.jpg,246,111,275,139,
FN,img-634_jpg.rf.452e6df45b3db668e312ef012dc054ef.jpg,255,58,272,70,
FN,img-634_jpg.rf.452e6df45b3db668e312ef012dc054ef.jpg,290,78,309,97,
FN,img-634_jpg.rf.452e6df45b3db668e312ef012dc054ef.jpg,325,170,342,204,
FN,img-634_jpg.rf.452e6df45b3db668e312ef012dc054ef.jpg,336,215,367,256,
FN,img-65_jpg.rf.9f5361af2148fe652c2d6548e1e04336.jpg,243,364,481,496,
FN,img-68_jpg.rf.56cad330f79ddc085bde3772fca267d0.jpg,281,160,367,189,
FN,img-68_jpg.rf.56cad330f79ddc085bde3772fca267d0.jpg,345,264,554,401,
FN,img-72_jpg.rf.886637180ab2bbb35c5f4592e88bee23.jpg,270,286,488,431,
FN,img-98_jpg.rf.247a4d96df6c8c1b33a4d29847a033f0.jpg,234,248,470,421,
FN,img-98_jpg.rf.247a4d96df6c8c1b33a4d29847a033f0.jpg,656,344,719,419,
FN,pothole-107-_jpg.rf.4c6ce19cc35fb96fee26faf75705786f.jpg,618,469,631,475,
FN,pothole-107-_jpg.rf.4c6ce19cc35fb96fee26faf75705786f.jpg,586,613,650,662,
FN,pothole-107-_jpg.rf.4c6ce19cc35fb96fee26faf75705786f.jpg,595,554,644,573,
FN,pothole-107-_jpg.rf.4c6ce19cc35fb96fee26faf75705786f.jpg,542,482,570,494,
FN,pothole-107-_jpg.rf.4c6ce19cc35fb96fee26faf75705786f.jpg,613,468,645,513,
FN,pothole-11-_jpg.rf.c7fc049077d5b44a1430c7aaba4fd17b.jpg,573,598,709,730,
FN,pothole-129-_jpg.rf.98d2b5d9fddeb42783288eb00af37501.jpg,621,460,639,476,
FN,pothole-129-_jpg.rf.98d2b5d9fddeb42783288eb00af37501.jpg,626,446,636,455,
FN,pothole-129-_jpg.rf.98d2b5d9fddeb42783288eb00af37501.jpg,602,447,610,449,
FN,pothole-129-_jpg.rf.98d2b5d9fddeb42783288eb00af37501.jpg,613,592,672,649,
FN,pothole-129-_jpg.rf.98d2b5d9fddeb42783288eb00af37501.jpg,264,637,403,708,
FN,pothole-166-_jpg.rf.311e778642ebda6e505bc856d8633a3a.jpg,592,538,696,657,
FN,pothole-166-_jpg.rf.311e778642ebda6e505bc856d8633a3a.jpg,628,452,642,456,
FN,pothole-166-_jpg.rf.311e778642ebda6e505bc856d8633a3a.jpg,593,532,695,657,
FN,pothole-166-_jpg.rf.311e778642ebda6e505bc856d8633a3a.jpg,630,453,642,457,
FN,pothole-166-_jpg.rf.311e778642ebda6e505bc856d8633a3a.jpg,635,507,660,515,
FN,pothole-168-_jpg.rf.c1e82ccb60b60e4030f9e7a22a3469d5.jpg,690,481,710,488,
FN,pothole-168-_jpg.rf.c1e82ccb60b60e4030f9e7a22a3469d5.jpg,694,488,726,506,
FN,pothole-168-_jpg.rf.c1e82ccb60b60e4030f9e7a22a3469d5.jpg,690,479,711,488,
FN,pothole-192-_jpg.rf.6d660d4ba086ef1270bccbad18d7f9e8.jpg,824,598,909,635,
FN,pothole-192-_jpg.rf.6d660d4ba086ef1270bccbad18d7f9e8.jpg,780,562,846,590,
FN,pothole-205-_jpg.rf.ce5f0f4599f6ec4f85ad80324360f9c0.jpg,631,471,644,477,
FN,pothole-205-_jpg.rf.ce5f0f4599f6ec4f85ad80324360f9c0.jpg,378,687,464,759,
FN,pothole-205-_jpg.rf.ce5f0f4599f6ec4f85ad80324360f9c0.jpg,372,658,434,682,
FN,pothole-215-_jpg.rf.e0d3e857f2d981047204cfdc33344943.jpg,256,539,349,570,
FN,pothole-52-_jpg.rf.35656b152da9863d24f197e047e973ae.jpg,353,599,435,655,
FN,pothole-52-_jpg.rf.35656b152da9863d24f197e047e973ae.jpg,761,567,818,593,
FN,pothole-52-_jpg.rf.35656b152da9863d24f197e047e973ae.jpg,703,520,723,526,
FN,pothole-52-_jpg.rf.35656b152da9863d24f197e047e973ae.jpg,574,463,589,466,
FN,pothole-52-_jpg.rf.35656b152da9863d24f197e047e973ae.jpg,722,535,738,545,
FN,pothole-52-_jpg.rf.35656b152da9863d24f197e047e973ae.jpg,704,519,721,526,
FN,pothole-52-_jpg.rf.35656b152da9863d24f197e047e973ae.jpg,573,463,587,466,
FN,pothole-59-_jpg.rf.52ee6ba530e653f1f2074e5a87cba1c3.jpg,564,609,620,643,
FN,pothole-61-_jpg.rf.07781e454bcfb40b2b5994653dd06d24.jpg,351,573,413,596,
FN,pothole-67-_jpg.rf.62608b2fe49fbd4481a760c143c22279.jpg,760,553,824,584,
FN,pothole-67-_jpg.rf.62608b2fe49fbd4481a760c143c22279.jpg,814,589,892,643,
FN,pothole-67-_jpg.rf.62608b2fe49fbd4481a760c143c22279.jpg,767,553,826,586,
FN,pothole-80-_jpg.rf.a24bac1eb2f6c8b39cb6e8f7d1546e62.jpg,287,722,351,755,
FN,pothole-91-_jpg.rf.6d919282a2416f723f9422c761a424d3.jpg,636,661,698,712,
FN,pothole-91-_jpg.rf.6d919282a2416f723f9422c761a424d3.jpg,848,645,886,657,
FN,pothole-91-_jpg.rf.6d919282a2416f723f9422c761a424d3.jpg,582,610,667,659,
FN,pothole-91-_jpg.rf.6d919282a2416f723f9422c761a424d3.jpg,615,582,641,589,
FN,pothole-91-_jpg.rf.6d919282a2416f723f9422c761a424d3.jpg,761,570,801,581,
FN,pothole-91-_jpg.rf.6d919282a2416f723f9422c761a424d3.jpg,847,647,888,657,
FN,pothole-91-_jpg.rf.6d919282a2416f723f9422c761a424d3.jpg,665,464,679,474,
FN,pothole-92-_jpg.rf.4faca11da5ee67529e5d2f55850ffab6.jpg,822,632,905,679,
FN,pothole-92-_jpg.rf.4faca11da5ee67529e5d2f55850ffab6.jpg,778,583,838,614,
FN,vlcsnap-2020-04-08-13h31m52s382_jpg.rf.15787c482a0ce097e18b849c03142c3e.jpg,846,833,1080,917,
FN,vlcsnap-2020-04-08-13h32m25s685_jpg.rf.6f308c73d76fb28e6caea79651fbe789.jpg,949,844,1169,907,
FN,vlcsnap-2020-04-08-13h51m44s434_jpg.rf.14b29a0d217147acf520f936b7d995e6.jpg,603,510,637,516,
FN,vlcsnap-2020-04-08-16h46m49s157_jpg.rf.584951ad66ffb895722c3ca6c8f56f1b.jpg,540,552,570,557,
FN,vlcsnap-2020-04-08-22h53m20s748_jpg.rf.deb927b7f5bfae61422582cb2f3eae64.jpg,295,677,435,701,
FN,vlcsnap-2020-04-08-23h23m59s090_jpg.rf.3a1cc7ed69f7dd07d77443fbb18439e2.jpg,580,707,807,744,
FN,vlcsnap-2020-04-08-23h23m59s090_jpg.rf.3a1cc7ed69f7dd07d77443fbb18439e2.jpg,170,574,273,584,
FN,vlcsnap-2020-04-12-00h34m34s118_jpg.rf.c935a314fe2f1cd34088337049d23760.jpg,972,797,1226,886,
FN,vlcsnap-2020-04-12-00h34m34s118_jpg.rf.c935a314fe2f1cd34088337049d23760.jpg,798,571,857,592,
FN,vlcsnap-2020-04-12-00h34m34s118_jpg.rf.c935a314fe2f1cd34088337049d23760.jpg,828,634,914,646,
FN,vlcsnap-2020-04-12-00h51m55s649_jpg.rf.67e7deee6d3752b35e863ef1a6e13e4e.jpg,98,626,174,641,
FN,vlcsnap-2020-04-12-01h20m54s364_jpg.rf.84ef14d8822d3f5054d87226961129e3.jpg,895,562,959,587,
FN,vlcsnap-2020-04-12-01h20m54s364_jpg.rf.84ef14d8822d3f5054d87226961129e3.jpg,1063,771,1226,823,
FN,vlcsnap-2020-04-12-01h20m54s364_jpg.rf.84ef14d8822d3f5054d87226961129e3.jpg,1060,761,1216,827,
FN,vlcsnap-2020-04-12-01h20m54s364_jpg.rf.84ef14d8822d3f5054d87226961129e3.jpg,903,566,955,584,
FN,vlcsnap-2020-04-12-01h37m20s596_jpg.rf.d98e09b871eb7dc4db5f1a44fedf058f.jpg,584,552,621,564,
FN,vlcsnap-2020-04-12-01h37m20s596_jpg.rf.d98e09b871eb7dc4db5f1a44fedf058f.jpg,671,593,716,609,
FN,vlcsnap-2020-04-12-01h43m14s350_jpg.rf.71616277ab94d46faf534df66ee78040.jpg,693,629,745,637,
FN,vlcsnap-2020-04-12-02h28m10s130_jpg.rf.b416e4997cee180d7e2e7b78a96d2726.jpg,560,604,585,611,
FN,vlcsnap-2020-04-12-02h28m10s130_jpg.rf.b416e4997cee180d7e2e7b78a96d2726.jpg,556,593,578,600,
FN,vlcsnap-2020-04-12-02h28m10s130_jpg.rf.b416e4997cee180d7e2e7b78a96d2726.jpg,750,606,781,615,
FN,vlcsnap-2020-04-12-15h57m39s359_jpg.rf.d799d2bcf534e4b8e0c4d536cb72a97e.jpg,1,660,101,683,
FN,vlcsnap-2020-04-12-15h57m39s359_jpg.rf.d799d2bcf534e4b8e0c4d536cb72a97e.jpg,1071,792,1226,849,
FN,vlcsnap-2020-04-12-15h57m39s359_jpg.rf.d799d2bcf534e4b8e0c4d536cb72a97e.jpg,0,660,99,684,
FN,vlcsnap-2020-04-12-15h57m39s359_jpg.rf.d799d2bcf534e4b8e0c4d536cb72a97e.jpg,1081,786,1227,848,
FN,vlcsnap-2020-04-12-16h05m47s405_jpg.rf.1f57b422c2a1627a01026a59f9669716.jpg,930,626,995,637,
FN,vlcsnap-2020-04-12-17h09m16s722_jpg.rf.78fd82f146250993f3e72e902d9d8101.jpg,521,473,590,484,
FN,vlcsnap-2020-04-12-17h09m34s078_jpg.rf.d95b7d1bb80b6d6e7c763fbb6ffca0c7.jpg,487,588,671,628,
